Selection,Section,CaseID,CaseName,Country,Loops,RefPhone
x,mst,1,MTBF0000001_MST_AppList_Alarms.py,com,1,
x,mst,2,MTBF0000002_MST_AppList_AutoSMSConfig.py,com,1,
x,mst,3,MTBF0000003_MST_AppList_BT_Test.py,com,1,
x,mst,4,MTBF0000004_MST_AppList_BackupAgent.py,com,1,
x,mst,5,MTBF00000058_MST_Fastlane_RandomVisit.py,com,1,
x,mst,6,MTBF0000006_MST_AppList_Calculator.py,com,1,
x,mst,7,MTBF0000007_MST_AppList_Calendar.py,com,1,
x,mst,8,MTBF0000008_MST_AppList_Carrier_Configure.py,com,1,
x,mst,9,MTBF0000009_MST_AppList_Clock.py,com,1,
x,mst,10,MTBF0000010_MST_AppList_Contacts_Transfer.py,com,1,
x,mst,11,MTBF0000011_MST_AppList_DangerDash.py,com,1,
x,mst,12,MTBF0000012_MST_AppList_DevTools.py,com,1,
x,mst,13,MTBF0000013_MST_AppList_Downloads.py,com,1,
x,mst,14,MTBF0000014_MST_AppList_Email.py,com,1,
x,mst,15,MTBF0000015_MST_AppList_FMradio.py,com,1,
x,mst,16,MTBF0000016_MST_AppList_Facebook.py,com,1,
x,mst,17,MTBF0000017_MST_AppList_FccTest.py,com,1,
x,mst,19,MTBF0000019_MST_AppList_Gallery.py,com,1,
x,mst,20,MTBF0000020_MST_AppList_HomeLocation.py,com,1,
x,mst,21,MTBF0000021_MST_AppList_HiddTestApp.py,com,1,
x,mst,22,MTBF0000022_MST_AppList_LINE.py,com,1,
x,mst,24,MTBF0000024_MST_AppList_Messaging.py,com,1,
x,mst,25,MTBF0000025_MST_AppList_Messenger.py,com,1,
x,mst,26,MTBF0000026_MST_AppList_MixRadio.py,com,1,
x,mst,27,MTBF0000027_MST_AppList_MobileBroadcasts.py,com,1,
x,mst,28,MTBF0000028_MST_AppList_MovieStudio.py,com,1,
x,mst,29,MTBF0000029_MST_AppList_Music.py,com,1,
x,mst,30,MTBF0000030_MST_AppList_OneDrive.py,com,1,
x,mst,31,MTBF0000031_MST_AppList_OperaBrowser.py,com,1,
x,mst,32,MTBF0000032_MST_AppList_OutlookCom.py,com,1,
x,mst,33,MTBF0000033_MST_AppList_People.py,com,1,
x,mst,35,MTBF0000035_MST_AppList_Phone.py,com,1,
x,mst,37,MTBF0000037_MST_AppList_PlantsVsZombies2.py,com,1,
x,mst,38,MTBF0000038_MST_AppList_PortableHostspot.py,com,1,
x,mst,39,MTBF0000039_MST_AppList_ProfileManager.py,com,1,
x,mst,40,MTBF0000040_MST_AppList_QualcommSettings.py,com,1,
x,mst,41,MTBF0000041_MST_AppList_RealFootball2014.py,com,1,
x,mst,42,MTBF0000042_MST_AppList_Settings.py,com,1,
x,mst,43,MTBF0000043_MST_AppList_Skype.py,com,1,
x,mst,44,MTBF0000044_MST_AppList_SpeechRecorder.py,com,1,
x,mst,45,MTBF0000045_MST_AppList_Stopwatch.py,com,1,
x,mst,46,MTBF0000046_MST_AppList_SystemUpdate.py,com,1,
x,mst,47,MTBF0000047_MST_AppList_Tetris.py,com,1,
x,mst,48,MTBF0000048_MST_AppList_Twitter.py,com,1,
x,mst,50,MTBF0000050_MST_AppList_VoiceDialer.py,com,1,
,mst,51,MTBF0000051_MST_AppList_WeChat.py,com,1,
x,mst,53,MTBF0000053_MST_AppList_WorldClock.py,com,1,
x,mst,54,MTBF0000054_MST_AppList_BatteryGuru.py,com,1,
x,mst,55,MTBF0000055_MST_AppList_Camera.py,com,1,
,mst,56,MTBF0000056_MST_AppList_Maps.py,com,1,
x,mst,57,MTBF0000057_MST_AppList_PicPlusCamera.py,com,1,
x,advanced,51040101,MTBF51040101_AddRemoveEmailWidget.py,com,1,
x,advanced,51040103,MTBF51040103_OpenApplicationFromTaskManager.py,com,1,
x,advanced,51040105,MTBF51040105_CheckGlanceScreenContent.py,com,1,
x,advanced,51040106,MTBF51040106_DeleteItemFromFastlane.py,com,1,
x,advanced,51040107,MTBF51040107_OpenRecentlyWatchedVideoFromFastlane.py,com,1,
x,advanced,51040108,MTBF51040108_MusicControllingFromFastlane.py,com,1,
x,advanced,51040401,MTBF51040401_EditNumberInCallLog.py,com,1,
x,advanced,51040402,MTBF51040402_AlarmExpiresDuringMOCall.py,com,1,
x,advanced,51040403,MTBF51040403_CreateConferenceCall.py,com,1,
x,advanced,51040501,MTBF51040501_RemoveAndReplaceFiles.py,com,1,
x,advanced,51040502,MTBF51040502_ViewSmsDetails.py,com,1,
x,advanced,51040503,MTBF51040503_ForwardSms.py,com,1,
x,advanced,51040504,MTBF51040504_ReceiveSmsDuringSmsCreation.py,com,1,
x,advanced,51040505,MTBF51040505_DeleteReceivedSms.py,com,1,
x,advanced,51040506,MTBF51040506_CreateSMSFromCallLog.py,com,1,
x,advanced,51040507,MTBF51040507_OpenVideoFromAttachment.py,com,1,
x,advanced,51040508,MTBF51040508_ForwardReceivedEmail.py,com,1,
x,advanced,51040601,MTBF51040601_CaptureImageWithFrontFacingCamera.py,com,1,
x,advanced,51040602,MTBF51040602_CameraSettingsBasicUsage.py,com,1,
x,advanced,51040603,MTBF51040603_LaunchCameraFromLockScreenAndCaptureImage.py,com,1,
x,advanced,51040701,MTBF51040701_ReceiveSMSDuringAVideoPlayback.py,com,1,
x,advanced,51040702,MTBF51040702_VideoCameraBasicSettings.py,com,1,
x,advanced,51040703,MTBF51040703_ReceiveMTCallWhileReceivingVideo.py,com,1,
x,advanced,51040704,MTBF51040704_DeleteVideo.py,com,1,
x,advanced,51040705,MTBF51040705_ReceiveSMSDuringVideoPlayback.py,com,1,
x,advanced,51040802,MTBF51040802_ViewImageOrVideoDetails.py,com,1,
x,advanced,51040803,MTBF51040803_LaunchCameraFromGallery.py,com,1,
x,advanced,51040804,MTBF51040804_NavigateToImageFromAnother.py,com,1,
x,advanced,51040901,MTBF51040901_DownloadFileFromWebPageForUC.py,cn,1,
x,advanced,51040902,MTBF51040902_AddAndRemoveSpeedDialItemForUC.py,cn,1,
x,advanced,51040903,MTBF51040903_OpenMultiplePagesForUC.py,cn,1,
x,advanced,51040904,MTBF51040904_ChangeDefaultSearchEngineForUC.py,cn,1,
x,advanced,51040905,MTBF51040905_ReceiveSmsWhileStreamingForUC.py,cn,1,
x,advanced,51040906,MTBF51040906_BrowsingWebWhilePlayingMusicForUC.py,cn,1,
x,advanced,51040907,MTBF51040907_DownloadFileFromWebPageForOpera.py,eu,1,
x,advanced,51040908,MTBF51040908_AddAndRemoveSpeedDialItemForOpera.py,eu,1,
x,advanced,51040909,MTBF51040909_OpenMultiplePagesForOpera.py,eu,1,
x,advanced,51040910,MTBF51040910_ChangeDefaultSearchEngineForOpera.py,eu,1,
x,advanced,51040911,MTBF51040911_ReceiveSmsWhileStreamingForOpera.py,eu,1,
x,advanced,51040912,MTBF51040912_BrowsingWebWhilePlayingMusicForOpera.py,eu,1,
x,advanced,51041001,MTBF51041001_AccessMusicFromPlaylists.py,com,1,
x,advanced,51041002,MTBF51041002_EnableShuffleInMusicPlayback.py,com,1,
x,advanced,51041003,MTBF51041003_ListenMusicViaHS.py,com,1,
x,advanced,51041004,MTBF51041004_ReceiveMTcallDuringMusicPlayback.py,com,1,
x,advanced,51041005,MTBF51041005_CheckMusicNowPlayingActivity.py,com,1,
x,advanced,51041101,MTBF51041101_checkInternalMemoryState.py,com,1,
x,advanced,51041103,MTBF51041103_CreateBackup.py,com,1,
x,advanced,51041104,MTBF51041104_EnableAndDisablePositioning.py,com,1,
x,advanced,51041105,MTBF51041105_EnableAndDisableGlanceScreen.py,com,1,
x,advanced,51041106,MTBF51041106_EnableAndDisableTouchScreenTones.py,com,1,
x,advanced,51041107,MTBF51041107_ShowPhoneInfo.py,com,1,
,advanced,51041108,MTBF51041108_ConnectDisconnectToDifferentWLANNetworks.py,com,1,
x,advanced,51041201,MTBF51041201_CalculatorBasicUsage.py,com,1,
x,advanced,51041202,MTBF51041202_ViewCalendarEvents.py,com,1,
x,advanced,51041203,MTBF51041203_CalendarEventExpiration.py,com,1,
x,advanced,51041204,MTBF51041204_InstallPlayAndUninstallFruits.py,com,1,
,advanced,51041205,MTBF51041205_DangerDashBasicPlaying.py,com,1,
x,advanced,51041301,MTBF51041301_CreateAnArtistMixInMixRadio.py,com,1,
x,advanced,51041302,MTBF51041302_LoadAMixRadioMixForOfflineUsage.py,com,1,
x,advanced,51041303,MTBF51041303_ControlMixRadioMusicFromLockScreen.py,com,1,
x,advanced,51041304,MTBF51041304_PlayMusicUsingPlayMeFeature.py,com,1,
,advanced,51041501,MTBF51041501_MapsStartNavigationWalkMode.py,cn,1,
x,advanced,51041604,MTBF51041604_AddNewQQStatusUpdate.py,cn,1,
x,advanced,51041605,MTBF51041605_RefreshWeiboWall.py,cn,1,
x,advanced,51041606,MTBF51041606_AddNewSinaWeiboStatusUpdate.py,cn,1,
x,advanced,51041607,MTBF51041607_AddNewPictureToSinaWeibo.py,cn,1,
x,advanced,51041608,MTBF51041608_SendSMSViaWidget.py,com,1,
x,advanced,51041609,MTBF51041609_PlayAndSkipSongsWidget.py,com,1,
,advanced,51041619,MTBF51041619_SendAndReceiveWeChatMessage.py,com,1,
x,advanced,51041630,MTBF51041630_SendMessageViaSkype.py,com,1,
x,advanced,51041631,MTBF51041631_SetupCallViaSkype.py,com,1,
,advanced,51041632,MTBF51041632_SetDeviceToSyncPicturesToCloud.py,com,1,
x,advanced,51041633,MTBF51041633_SendMessageViaQQ.py,cn,1,
x,advanced,51041634,MTBF51041634_ReceiveMessageViaQQ.py,cn,1,
x,advanced,51041635,MTBF51041635_SendImageViaQQ.py,cn,1,
x,advanced,51041636,MTBF51041636_ReceiveImageViaQQ.py,cn,1,
,advanced,51041637,MTBF51041637_OpenChinaStoreForTheFirstTime.py,com,1,
x,basic,59000101,MTBF59000101_HomeScreenSwipeLeftAndRight.py,com,3,
x,basic,59000102,MTBF59000102_HomeScreenFastlaneBasicUsage.py,com,3,
x,basic,59000103,MTBF59000103_HomeScreenLockUnlockDevice.py,com,3,
x,basic,59000104,MTBF59000104_HomeScreenPinUnpinApp.py,com,4,
x,basic,59000301,MTBF59000301_ContactsAddContactInDialer.py,com,4,
x,basic,59000302,MTBF59000302_ContactsAddContactInContacts.py,com,4,
x,basic,59000303,MTBF59000303_ContactsDeleteContact.py,com,4,
x,basic,59000401,MTBF59000401_CreateMOCallViaPB.py,com,4,
x,basic,59000402,MTBF59000402_CreateMOCallViaDialerAndBeRejected.py,com,4,
x,basic,59000403,MTBF59000403_ActivateAndDeactivateIHFInMOCall.py,com,4,
x,ba-adv,59000404,MTBF59000404_Create2GMOCallViaPB.py,com,4,
x,ba-adv,59000405,MTBF59000405_Create3GMOCallViaPB.py,com,4,
x,ba-adv,59000406,MTBF59000406_ReceiveAndRejectMTCall.py,com,4,
x,ba-adv,59000407,MTBF59000407_MuteAndUnmuteActiveMTCall.py,com,4,
x,ba-adv,59000408,MTBF59000408_ReceiveAndAnswerMTCallIn2GMode.py,com,4,
x,ba-adv,59000409,MTBF59000409_ReceiveAndAnswerMTCallIn3GMode.py,com,4,
x,ba-adv,59000501,MTBF59000501_SendSMSToRemotePhone.py,com,4,
x,ba-adv,59000502,MTBF59000502_SendAndReceiveSMSIn2GMode.py,com,4,
x,ba-adv,59000503,MTBF59000503_SendAndReceiveSMSIn3GMode.py,com,4,
x,ba-adv,59000504,MTBF59000504_ReceiveMMSFromRemoteAndOpenIt.py,com,4,
x,ba-adv,59000505,MTBF59000505_SendPictureMMSToOwnNumber.py,com,4,
x,ba-adv,59000506,MTBF59000506_ReplyWithSMSToReceivedMMS.py,com,4,
x,ba-adv,59000507,MTBF59000507_DeleteLatestReceivedMMS.py,com,4,
x,ba-adv,59000508,MTBF59000508_SendMMSWithImageToRemotePhone2G.py,com,4,
x,ba-adv,59000509,MTBF59000509_SendMMSWithNewImageToRemotePhone3G.py,com,3,
x,ba-adv,59000510,MTBF59000510_OpenUpdateAndCloseEmail.py,com,3,
x,ba-adv,59000511,MTBF59000511_SendReceiveEmailVia2G.py,com,3,
x,ba-adv,59000512,MTBF59000512_ShareImageFromGalleryViaEmail.py,com,3,
x,ba-adv,59000513,MTBF59000513_SendReceiveEmailWithAttachmentVia3G.py,com,3,
x,ba-adv,59000601,MTBF59000601_CaptureImage.py,com,3,
x,ba-adv,59000602,MTBF59000602_ZoomAndCaptureImage.py,com,3,
x,ba-adv,59000603,MTBF59000603_CaptureVideo.py,com,3,
x,ba-adv,59000701,MTBF59000701_VideoPlaybackControl.py,com,3,
x,ba-adv,59000801,MTBF59000801_OpenCapturedPhotoFromGallery.py,com,3,
x,ba-adv,59000802,MTBF59000802_PinchZoomAPhotoInGallery.py,com,3,
x,ba-adv,59000803,MTBF59000803_SetImageAsWallpaper.py,com,3,
x,ba-adv,59000804,MTBF59000804_DeleteImageFromGallery.py,com,3,
x,ba-adv,59000901,MTBF59000901_BrowseToAWebPage.py,cn,3,
x,ba-adv,59000902,MTBF59000902_VideoStreamingViaWLAN.py,cn,3,
x,ba-adv,59000903,MTBF59000903_PinchZoomAWebPage.py,cn,3,
x,ba-adv,59000904,MTBF59000904_ReceiveMTCallWhileBrowsing.py,cn,3,
x,ba-adv,59000905,MTBF59000905_BrowseToAWebPageVia2G.py,cn,3,
x,ba-adv,59000906,MTBF59000906_BrowseToAWebPageViaBookmarksVia3G.py,cn,3,
x,ba-adv,59000907,MTBF59000907_VideoStreaming3G.py,cn,3,
x,ba-adv,59000910,MTBF59000910_BrowseToAWebPage_Opera.py,eu,3,
x,ba-adv,59000911,MTBF59000911_VideoStreamingViaWLAN_Opera.py,eu,3,
x,ba-adv,59000912,MTBF59000912_PinchZoomAWebPage_Opera.py,eu,3,
x,ba-adv,59000913,MTBF59000913_ReceiveMTCallWhileBrowsing_Opera.py,eu,3,
x,ba-adv,59000914,MTBF59000914_BrowseToAWebPageVia2G_Opera.py,eu,3,
x,ba-adv,59000915,MTBF59000915_BrowseToAWebPageViaBookmarksVia3G_Opera.py,eu,3,
x,ba-adv,59000916,MTBF59000916_VideoStreaming3G_Opera.py,eu,3,
x,ba-adv,59000917,MTBF59000917_ReceiveMTCallWhileBrowsing4G_Opera.py,eu,3,
x,ba-adv,59000918,MTBF59000918_VideoStreaming4G_Opera.py,eu,3,
x,ba-adv,59001001,MTBF59001001_PlayMusicViaMusicPlayer.py,com,3,
x,ba-adv,59001101,MTBF59001101_ChangeRingtone.py,com,3,
x,ba-adv,59001102,MTBF59001102_ChangeScreenBrightness.py,com,3,
x,ba-adv,59001201,MTBF59001201_OpenAndStartANewGame.py,com,3,
x,ba-adv,59001202,MTBF59001202_SetAlarmAndWaitForExpiration.py,com,3,
,ba-adv,59001203,MTBF59001203_DownloadAnAppFromStoreAndUseIt.py,com,3,
x,ba-adv,59001204,MTBF59001204_AddAppointmentToCalendar.py,com,3,
x,ba-adv,59001205,MTBF59001205_EditCalendarAppointment.py,com,3,
x,ba-adv,59001206,MTBF59001206_AddAppointmentToCalendarAndRemoveViaFastLane.py,com,3,
x,ba-adv,59001301,MTBF59001301_RadioOnOff.py,com,3,
x,ba-adv,59001302,MTBF59001302_RadioTuning.py,com,3,
x,ba-adv,59001401,MTBF59001401_SwitchBTOnOffViaNotificationDrawer.py,com,3,
x,ba-adv,59001402,MTBF59001402_SearchAvailableBluetoothDevices.py,com,3,
x,ba-adv,59001403,MTBF59001403_SendDataViaBluetooth.py,com,3,
x,ba-adv,59001404,MTBF59001404_SetMobileDataOnOffViaNotificationDrawer.py,com,3,
x,ba-adv,59001405,MTBF59001405_SwitchWLANOnOffViaNotificationDrawer.py,com,3,
x,ba-adv,59001406,MTBF59001406_SearchForWLANNetworks.py,com,3,
,ba-adv,59001501,MTBF59001501_MapsBasicOptions.py,cn,3,
,ba-adv,59001605,MTBF59001605_ConnectABluetoothAccessoryTwiceInA24Period.py,com,3,
,ba-adv,59001606,MTBF59001606_DisconnectABluetoothAccessoryTwiceInA24Period.py,com,3,
x,ba-adv,59001688,MTBF59001606_DisconnectABluetoothAccessoryTwiceInA24Periodadfakalfdkakjl.py,com,3,
